Index,Churn_Prob_Before,Churn_Prob_After,Delta,Gợi ý cải thiện
1.0,0.9835,0.9835,0,"Lỗi DiCE: feature_names mismatch: ['State', 'International plan', 'Voice mail plan', 'Number vmail messages', 'Total day minutes', 'Total day calls', 'Total day charge', 'Total eve minutes', 'Total eve calls', 'Total eve charge', 'Total night minutes', 'Total night calls', 'Total night charge', 'Total intl minutes', 'Total intl calls', 'Total intl charge', 'Customer service calls'] ['State', 'International plan', 'Voice mail plan', 'Number vmail messages', 'Total day minutes', 'Total day calls', 'Total day charge', 'Total eve minutes', 'Total eve calls', 'Total eve charge', 'Total night minutes', 'Total night calls', 'Total night charge', 'Total intl minutes', 'Total intl calls', 'Total intl charge', 'Customer service calls', 'Churn']
training data did not have the following fields: Churn"
2.0,0.9987,0.9987,0,"Lỗi DiCE: feature_names mismatch: ['State', 'International plan', 'Voice mail plan', 'Number vmail messages', 'Total day minutes', 'Total day calls', 'Total day charge', 'Total eve minutes', 'Total eve calls', 'Total eve charge', 'Total night minutes', 'Total night calls', 'Total night charge', 'Total intl minutes', 'Total intl calls', 'Total intl charge', 'Customer service calls'] ['State', 'International plan', 'Voice mail plan', 'Number vmail messages', 'Total day minutes', 'Total day calls', 'Total day charge', 'Total eve minutes', 'Total eve calls', 'Total eve charge', 'Total night minutes', 'Total night calls', 'Total night charge', 'Total intl minutes', 'Total intl calls', 'Total intl charge', 'Customer service calls', 'Churn']
training data did not have the following fields: Churn"
35.0,0.9802,0.9802,0,"Lỗi DiCE: feature_names mismatch: ['State', 'International plan', 'Voice mail plan', 'Number vmail messages', 'Total day minutes', 'Total day calls', 'Total day charge', 'Total eve minutes', 'Total eve calls', 'Total eve charge', 'Total night minutes', 'Total night calls', 'Total night charge', 'Total intl minutes', 'Total intl calls', 'Total intl charge', 'Customer service calls'] ['State', 'International plan', 'Voice mail plan', 'Number vmail messages', 'Total day minutes', 'Total day calls', 'Total day charge', 'Total eve minutes', 'Total eve calls', 'Total eve charge', 'Total night minutes', 'Total night calls', 'Total night charge', 'Total intl minutes', 'Total intl calls', 'Total intl charge', 'Customer service calls', 'Churn']
training data did not have the following fields: Churn"
41.0,0.9997,0.9997,0,"Lỗi DiCE: feature_names mismatch: ['State', 'International plan', 'Voice mail plan', 'Number vmail messages', 'Total day minutes', 'Total day calls', 'Total day charge', 'Total eve minutes', 'Total eve calls', 'Total eve charge', 'Total night minutes', 'Total night calls', 'Total night charge', 'Total intl minutes', 'Total intl calls', 'Total intl charge', 'Customer service calls'] ['State', 'International plan', 'Voice mail plan', 'Number vmail messages', 'Total day minutes', 'Total day calls', 'Total day charge', 'Total eve minutes', 'Total eve calls', 'Total eve charge', 'Total night minutes', 'Total night calls', 'Total night charge', 'Total intl minutes', 'Total intl calls', 'Total intl charge', 'Customer service calls', 'Churn']
training data did not have the following fields: Churn"
47.0,0.9986,0.9986,0,"Lỗi DiCE: feature_names mismatch: ['State', 'International plan', 'Voice mail plan', 'Number vmail messages', 'Total day minutes', 'Total day calls', 'Total day charge', 'Total eve minutes', 'Total eve calls', 'Total eve charge', 'Total night minutes', 'Total night calls', 'Total night charge', 'Total intl minutes', 'Total intl calls', 'Total intl charge', 'Customer service calls'] ['State', 'International plan', 'Voice mail plan', 'Number vmail messages', 'Total day minutes', 'Total day calls', 'Total day charge', 'Total eve minutes', 'Total eve calls', 'Total eve charge', 'Total night minutes', 'Total night calls', 'Total night charge', 'Total intl minutes', 'Total intl calls', 'Total intl charge', 'Customer service calls', 'Churn']
training data did not have the following fields: Churn"
56.0,1.0,1.0,0,"Lỗi DiCE: feature_names mismatch: ['State', 'International plan', 'Voice mail plan', 'Number vmail messages', 'Total day minutes', 'Total day calls', 'Total day charge', 'Total eve minutes', 'Total eve calls', 'Total eve charge', 'Total night minutes', 'Total night calls', 'Total night charge', 'Total intl minutes', 'Total intl calls', 'Total intl charge', 'Customer service calls'] ['State', 'International plan', 'Voice mail plan', 'Number vmail messages', 'Total day minutes', 'Total day calls', 'Total day charge', 'Total eve minutes', 'Total eve calls', 'Total eve charge', 'Total night minutes', 'Total night calls', 'Total night charge', 'Total intl minutes', 'Total intl calls', 'Total intl charge', 'Customer service calls', 'Churn']
training data did not have the following fields: Churn"
58.0,0.9972,0.9972,0,"Lỗi DiCE: feature_names mismatch: ['State', 'International plan', 'Voice mail plan', 'Number vmail messages', 'Total day minutes', 'Total day calls', 'Total day charge', 'Total eve minutes', 'Total eve calls', 'Total eve charge', 'Total night minutes', 'Total night calls', 'Total night charge', 'Total intl minutes', 'Total intl calls', 'Total intl charge', 'Customer service calls'] ['State', 'International plan', 'Voice mail plan', 'Number vmail messages', 'Total day minutes', 'Total day calls', 'Total day charge', 'Total eve minutes', 'Total eve calls', 'Total eve charge', 'Total night minutes', 'Total night calls', 'Total night charge', 'Total intl minutes', 'Total intl calls', 'Total intl charge', 'Customer service calls', 'Churn']
training data did not have the following fields: Churn"
60.0,0.9968,0.9968,0,"Lỗi DiCE: feature_names mismatch: ['State', 'International plan', 'Voice mail plan', 'Number vmail messages', 'Total day minutes', 'Total day calls', 'Total day charge', 'Total eve minutes', 'Total eve calls', 'Total eve charge', 'Total night minutes', 'Total night calls', 'Total night charge', 'Total intl minutes', 'Total intl calls', 'Total intl charge', 'Customer service calls'] ['State', 'International plan', 'Voice mail plan', 'Number vmail messages', 'Total day minutes', 'Total day calls', 'Total day charge', 'Total eve minutes', 'Total eve calls', 'Total eve charge', 'Total night minutes', 'Total night calls', 'Total night charge', 'Total intl minutes', 'Total intl calls', 'Total intl charge', 'Customer service calls', 'Churn']
training data did not have the following fields: Churn"
62.0,0.9719,0.9719,0,"Lỗi DiCE: feature_names mismatch: ['State', 'International plan', 'Voice mail plan', 'Number vmail messages', 'Total day minutes', 'Total day calls', 'Total day charge', 'Total eve minutes', 'Total eve calls', 'Total eve charge', 'Total night minutes', 'Total night calls', 'Total night charge', 'Total intl minutes', 'Total intl calls', 'Total intl charge', 'Customer service calls'] ['State', 'International plan', 'Voice mail plan', 'Number vmail messages', 'Total day minutes', 'Total day calls', 'Total day charge', 'Total eve minutes', 'Total eve calls', 'Total eve charge', 'Total night minutes', 'Total night calls', 'Total night charge', 'Total intl minutes', 'Total intl calls', 'Total intl charge', 'Customer service calls', 'Churn']
training data did not have the following fields: Churn"
64.0,0.676,0.676,0,"Lỗi DiCE: feature_names mismatch: ['State', 'International plan', 'Voice mail plan', 'Number vmail messages', 'Total day minutes', 'Total day calls', 'Total day charge', 'Total eve minutes', 'Total eve calls', 'Total eve charge', 'Total night minutes', 'Total night calls', 'Total night charge', 'Total intl minutes', 'Total intl calls', 'Total intl charge', 'Customer service calls'] ['State', 'International plan', 'Voice mail plan', 'Number vmail messages', 'Total day minutes', 'Total day calls', 'Total day charge', 'Total eve minutes', 'Total eve calls', 'Total eve charge', 'Total night minutes', 'Total night calls', 'Total night charge', 'Total intl minutes', 'Total intl calls', 'Total intl charge', 'Customer service calls', 'Churn']
training data did not have the following fields: Churn"
65.0,0.9994,0.9994,0,"Lỗi DiCE: feature_names mismatch: ['State', 'International plan', 'Voice mail plan', 'Number vmail messages', 'Total day minutes', 'Total day calls', 'Total day charge', 'Total eve minutes', 'Total eve calls', 'Total eve charge', 'Total night minutes', 'Total night calls', 'Total night charge', 'Total intl minutes', 'Total intl calls', 'Total intl charge', 'Customer service calls'] ['State', 'International plan', 'Voice mail plan', 'Number vmail messages', 'Total day minutes', 'Total day calls', 'Total day charge', 'Total eve minutes', 'Total eve calls', 'Total eve charge', 'Total night minutes', 'Total night calls', 'Total night charge', 'Total intl minutes', 'Total intl calls', 'Total intl charge', 'Customer service calls', 'Churn']
training data did not have the following fields: Churn"
74.0,0.9769,0.9769,0,"Lỗi DiCE: feature_names mismatch: ['State', 'International plan', 'Voice mail plan', 'Number vmail messages', 'Total day minutes', 'Total day calls', 'Total day charge', 'Total eve minutes', 'Total eve calls', 'Total eve charge', 'Total night minutes', 'Total night calls', 'Total night charge', 'Total intl minutes', 'Total intl calls', 'Total intl charge', 'Customer service calls'] ['State', 'International plan', 'Voice mail plan', 'Number vmail messages', 'Total day minutes', 'Total day calls', 'Total day charge', 'Total eve minutes', 'Total eve calls', 'Total eve charge', 'Total night minutes', 'Total night calls', 'Total night charge', 'Total intl minutes', 'Total intl calls', 'Total intl charge', 'Customer service calls', 'Churn']
training data did not have the following fields: Churn"
96.0,0.9984,0.9984,0,"Lỗi DiCE: feature_names mismatch: ['State', 'International plan', 'Voice mail plan', 'Number vmail messages', 'Total day minutes', 'Total day calls', 'Total day charge', 'Total eve minutes', 'Total eve calls', 'Total eve charge', 'Total night minutes', 'Total night calls', 'Total night charge', 'Total intl minutes', 'Total intl calls', 'Total intl charge', 'Customer service calls'] ['State', 'International plan', 'Voice mail plan', 'Number vmail messages', 'Total day minutes', 'Total day calls', 'Total day charge', 'Total eve minutes', 'Total eve calls', 'Total eve charge', 'Total night minutes', 'Total night calls', 'Total night charge', 'Total intl minutes', 'Total intl calls', 'Total intl charge', 'Customer service calls', 'Churn']
training data did not have the following fields: Churn"
98.0,0.7913,0.7913,0,"Lỗi DiCE: feature_names mismatch: ['State', 'International plan', 'Voice mail plan', 'Number vmail messages', 'Total day minutes', 'Total day calls', 'Total day charge', 'Total eve minutes', 'Total eve calls', 'Total eve charge', 'Total night minutes', 'Total night calls', 'Total night charge', 'Total intl minutes', 'Total intl calls', 'Total intl charge', 'Customer service calls'] ['State', 'International plan', 'Voice mail plan', 'Number vmail messages', 'Total day minutes', 'Total day calls', 'Total day charge', 'Total eve minutes', 'Total eve calls', 'Total eve charge', 'Total night minutes', 'Total night calls', 'Total night charge', 'Total intl minutes', 'Total intl calls', 'Total intl charge', 'Customer service calls', 'Churn']
training data did not have the following fields: Churn"
104.0,0.7498,0.7498,0,"Lỗi DiCE: feature_names mismatch: ['State', 'International plan', 'Voice mail plan', 'Number vmail messages', 'Total day minutes', 'Total day calls', 'Total day charge', 'Total eve minutes', 'Total eve calls', 'Total eve charge', 'Total night minutes', 'Total night calls', 'Total night charge', 'Total intl minutes', 'Total intl calls', 'Total intl charge', 'Customer service calls'] ['State', 'International plan', 'Voice mail plan', 'Number vmail messages', 'Total day minutes', 'Total day calls', 'Total day charge', 'Total eve minutes', 'Total eve calls', 'Total eve charge', 'Total night minutes', 'Total night calls', 'Total night charge', 'Total intl minutes', 'Total intl calls', 'Total intl charge', 'Customer service calls', 'Churn']
training data did not have the following fields: Churn"
109.0,0.9959,0.9959,0,"Lỗi DiCE: feature_names mismatch: ['State', 'International plan', 'Voice mail plan', 'Number vmail messages', 'Total day minutes', 'Total day calls', 'Total day charge', 'Total eve minutes', 'Total eve calls', 'Total eve charge', 'Total night minutes', 'Total night calls', 'Total night charge', 'Total intl minutes', 'Total intl calls', 'Total intl charge', 'Customer service calls'] ['State', 'International plan', 'Voice mail plan', 'Number vmail messages', 'Total day minutes', 'Total day calls', 'Total day charge', 'Total eve minutes', 'Total eve calls', 'Total eve charge', 'Total night minutes', 'Total night calls', 'Total night charge', 'Total intl minutes', 'Total intl calls', 'Total intl charge', 'Customer service calls', 'Churn']
training data did not have the following fields: Churn"
110.0,0.9414,0.9414,0,"Lỗi DiCE: feature_names mismatch: ['State', 'International plan', 'Voice mail plan', 'Number vmail messages', 'Total day minutes', 'Total day calls', 'Total day charge', 'Total eve minutes', 'Total eve calls', 'Total eve charge', 'Total night minutes', 'Total night calls', 'Total night charge', 'Total intl minutes', 'Total intl calls', 'Total intl charge', 'Customer service calls'] ['State', 'International plan', 'Voice mail plan', 'Number vmail messages', 'Total day minutes', 'Total day calls', 'Total day charge', 'Total eve minutes', 'Total eve calls', 'Total eve charge', 'Total night minutes', 'Total night calls', 'Total night charge', 'Total intl minutes', 'Total intl calls', 'Total intl charge', 'Customer service calls', 'Churn']
training data did not have the following fields: Churn"
114.0,0.9729,0.9729,0,"Lỗi DiCE: feature_names mismatch: ['State', 'International plan', 'Voice mail plan', 'Number vmail messages', 'Total day minutes', 'Total day calls', 'Total day charge', 'Total eve minutes', 'Total eve calls', 'Total eve charge', 'Total night minutes', 'Total night calls', 'Total night charge', 'Total intl minutes', 'Total intl calls', 'Total intl charge', 'Customer service calls'] ['State', 'International plan', 'Voice mail plan', 'Number vmail messages', 'Total day minutes', 'Total day calls', 'Total day charge', 'Total eve minutes', 'Total eve calls', 'Total eve charge', 'Total night minutes', 'Total night calls', 'Total night charge', 'Total intl minutes', 'Total intl calls', 'Total intl charge', 'Customer service calls', 'Churn']
training data did not have the following fields: Churn"
115.0,0.7978,0.7978,0,"Lỗi DiCE: feature_names mismatch: ['State', 'International plan', 'Voice mail plan', 'Number vmail messages', 'Total day minutes', 'Total day calls', 'Total day charge', 'Total eve minutes', 'Total eve calls', 'Total eve charge', 'Total night minutes', 'Total night calls', 'Total night charge', 'Total intl minutes', 'Total intl calls', 'Total intl charge', 'Customer service calls'] ['State', 'International plan', 'Voice mail plan', 'Number vmail messages', 'Total day minutes', 'Total day calls', 'Total day charge', 'Total eve minutes', 'Total eve calls', 'Total eve charge', 'Total night minutes', 'Total night calls', 'Total night charge', 'Total intl minutes', 'Total intl calls', 'Total intl charge', 'Customer service calls', 'Churn']
training data did not have the following fields: Churn"
123.0,0.9985,0.9985,0,"Lỗi DiCE: feature_names mismatch: ['State', 'International plan', 'Voice mail plan', 'Number vmail messages', 'Total day minutes', 'Total day calls', 'Total day charge', 'Total eve minutes', 'Total eve calls', 'Total eve charge', 'Total night minutes', 'Total night calls', 'Total night charge', 'Total intl minutes', 'Total intl calls', 'Total intl charge', 'Customer service calls'] ['State', 'International plan', 'Voice mail plan', 'Number vmail messages', 'Total day minutes', 'Total day calls', 'Total day charge', 'Total eve minutes', 'Total eve calls', 'Total eve charge', 'Total night minutes', 'Total night calls', 'Total night charge', 'Total intl minutes', 'Total intl calls', 'Total intl charge', 'Customer service calls', 'Churn']
training data did not have the following fields: Churn"
134.0,0.996,0.996,0,"Lỗi DiCE: feature_names mismatch: ['State', 'International plan', 'Voice mail plan', 'Number vmail messages', 'Total day minutes', 'Total day calls', 'Total day charge', 'Total eve minutes', 'Total eve calls', 'Total eve charge', 'Total night minutes', 'Total night calls', 'Total night charge', 'Total intl minutes', 'Total intl calls', 'Total intl charge', 'Customer service calls'] ['State', 'International plan', 'Voice mail plan', 'Number vmail messages', 'Total day minutes', 'Total day calls', 'Total day charge', 'Total eve minutes', 'Total eve calls', 'Total eve charge', 'Total night minutes', 'Total night calls', 'Total night charge', 'Total intl minutes', 'Total intl calls', 'Total intl charge', 'Customer service calls', 'Churn']
training data did not have the following fields: Churn"
154.0,0.9992,0.9992,0,"Lỗi DiCE: feature_names mismatch: ['State', 'International plan', 'Voice mail plan', 'Number vmail messages', 'Total day minutes', 'Total day calls', 'Total day charge', 'Total eve minutes', 'Total eve calls', 'Total eve charge', 'Total night minutes', 'Total night calls', 'Total night charge', 'Total intl minutes', 'Total intl calls', 'Total intl charge', 'Customer service calls'] ['State', 'International plan', 'Voice mail plan', 'Number vmail messages', 'Total day minutes', 'Total day calls', 'Total day charge', 'Total eve minutes', 'Total eve calls', 'Total eve charge', 'Total night minutes', 'Total night calls', 'Total night charge', 'Total intl minutes', 'Total intl calls', 'Total intl charge', 'Customer service calls', 'Churn']
training data did not have the following fields: Churn"
155.0,0.9997,0.9997,0,"Lỗi DiCE: feature_names mismatch: ['State', 'International plan', 'Voice mail plan', 'Number vmail messages', 'Total day minutes', 'Total day calls', 'Total day charge', 'Total eve minutes', 'Total eve calls', 'Total eve charge', 'Total night minutes', 'Total night calls', 'Total night charge', 'Total intl minutes', 'Total intl calls', 'Total intl charge', 'Customer service calls'] ['State', 'International plan', 'Voice mail plan', 'Number vmail messages', 'Total day minutes', 'Total day calls', 'Total day charge', 'Total eve minutes', 'Total eve calls', 'Total eve charge', 'Total night minutes', 'Total night calls', 'Total night charge', 'Total intl minutes', 'Total intl calls', 'Total intl charge', 'Customer service calls', 'Churn']
training data did not have the following fields: Churn"
163.0,0.9989,0.9989,0,"Lỗi DiCE: feature_names mismatch: ['State', 'International plan', 'Voice mail plan', 'Number vmail messages', 'Total day minutes', 'Total day calls', 'Total day charge', 'Total eve minutes', 'Total eve calls', 'Total eve charge', 'Total night minutes', 'Total night calls', 'Total night charge', 'Total intl minutes', 'Total intl calls', 'Total intl charge', 'Customer service calls'] ['State', 'International plan', 'Voice mail plan', 'Number vmail messages', 'Total day minutes', 'Total day calls', 'Total day charge', 'Total eve minutes', 'Total eve calls', 'Total eve charge', 'Total night minutes', 'Total night calls', 'Total night charge', 'Total intl minutes', 'Total intl calls', 'Total intl charge', 'Customer service calls', 'Churn']
training data did not have the following fields: Churn"
170.0,0.9951,0.9951,0,"Lỗi DiCE: feature_names mismatch: ['State', 'International plan', 'Voice mail plan', 'Number vmail messages', 'Total day minutes', 'Total day calls', 'Total day charge', 'Total eve minutes', 'Total eve calls', 'Total eve charge', 'Total night minutes', 'Total night calls', 'Total night charge', 'Total intl minutes', 'Total intl calls', 'Total intl charge', 'Customer service calls'] ['State', 'International plan', 'Voice mail plan', 'Number vmail messages', 'Total day minutes', 'Total day calls', 'Total day charge', 'Total eve minutes', 'Total eve calls', 'Total eve charge', 'Total night minutes', 'Total night calls', 'Total night charge', 'Total intl minutes', 'Total intl calls', 'Total intl charge', 'Customer service calls', 'Churn']
training data did not have the following fields: Churn"
175.0,0.9958,0.9958,0,"Lỗi DiCE: feature_names mismatch: ['State', 'International plan', 'Voice mail plan', 'Number vmail messages', 'Total day minutes', 'Total day calls', 'Total day charge', 'Total eve minutes', 'Total eve calls', 'Total eve charge', 'Total night minutes', 'Total night calls', 'Total night charge', 'Total intl minutes', 'Total intl calls', 'Total intl charge', 'Customer service calls'] ['State', 'International plan', 'Voice mail plan', 'Number vmail messages', 'Total day minutes', 'Total day calls', 'Total day charge', 'Total eve minutes', 'Total eve calls', 'Total eve charge', 'Total night minutes', 'Total night calls', 'Total night charge', 'Total intl minutes', 'Total intl calls', 'Total intl charge', 'Customer service calls', 'Churn']
training data did not have the following fields: Churn"
203.0,0.9975,0.9975,0,"Lỗi DiCE: feature_names mismatch: ['State', 'International plan', 'Voice mail plan', 'Number vmail messages', 'Total day minutes', 'Total day calls', 'Total day charge', 'Total eve minutes', 'Total eve calls', 'Total eve charge', 'Total night minutes', 'Total night calls', 'Total night charge', 'Total intl minutes', 'Total intl calls', 'Total intl charge', 'Customer service calls'] ['State', 'International plan', 'Voice mail plan', 'Number vmail messages', 'Total day minutes', 'Total day calls', 'Total day charge', 'Total eve minutes', 'Total eve calls', 'Total eve charge', 'Total night minutes', 'Total night calls', 'Total night charge', 'Total intl minutes', 'Total intl calls', 'Total intl charge', 'Customer service calls', 'Churn']
training data did not have the following fields: Churn"
218.0,0.9561,0.9561,0,"Lỗi DiCE: feature_names mismatch: ['State', 'International plan', 'Voice mail plan', 'Number vmail messages', 'Total day minutes', 'Total day calls', 'Total day charge', 'Total eve minutes', 'Total eve calls', 'Total eve charge', 'Total night minutes', 'Total night calls', 'Total night charge', 'Total intl minutes', 'Total intl calls', 'Total intl charge', 'Customer service calls'] ['State', 'International plan', 'Voice mail plan', 'Number vmail messages', 'Total day minutes', 'Total day calls', 'Total day charge', 'Total eve minutes', 'Total eve calls', 'Total eve charge', 'Total night minutes', 'Total night calls', 'Total night charge', 'Total intl minutes', 'Total intl calls', 'Total intl charge', 'Customer service calls', 'Churn']
training data did not have the following fields: Churn"
225.0,0.9918,0.9918,0,"Lỗi DiCE: feature_names mismatch: ['State', 'International plan', 'Voice mail plan', 'Number vmail messages', 'Total day minutes', 'Total day calls', 'Total day charge', 'Total eve minutes', 'Total eve calls', 'Total eve charge', 'Total night minutes', 'Total night calls', 'Total night charge', 'Total intl minutes', 'Total intl calls', 'Total intl charge', 'Customer service calls'] ['State', 'International plan', 'Voice mail plan', 'Number vmail messages', 'Total day minutes', 'Total day calls', 'Total day charge', 'Total eve minutes', 'Total eve calls', 'Total eve charge', 'Total night minutes', 'Total night calls', 'Total night charge', 'Total intl minutes', 'Total intl calls', 'Total intl charge', 'Customer service calls', 'Churn']
training data did not have the following fields: Churn"
226.0,0.9957,0.9957,0,"Lỗi DiCE: feature_names mismatch: ['State', 'International plan', 'Voice mail plan', 'Number vmail messages', 'Total day minutes', 'Total day calls', 'Total day charge', 'Total eve minutes', 'Total eve calls', 'Total eve charge', 'Total night minutes', 'Total night calls', 'Total night charge', 'Total intl minutes', 'Total intl calls', 'Total intl charge', 'Customer service calls'] ['State', 'International plan', 'Voice mail plan', 'Number vmail messages', 'Total day minutes', 'Total day calls', 'Total day charge', 'Total eve minutes', 'Total eve calls', 'Total eve charge', 'Total night minutes', 'Total night calls', 'Total night charge', 'Total intl minutes', 'Total intl calls', 'Total intl charge', 'Customer service calls', 'Churn']
training data did not have the following fields: Churn"
238.0,0.9982,0.9982,0,"Lỗi DiCE: feature_names mismatch: ['State', 'International plan', 'Voice mail plan', 'Number vmail messages', 'Total day minutes', 'Total day calls', 'Total day charge', 'Total eve minutes', 'Total eve calls', 'Total eve charge', 'Total night minutes', 'Total night calls', 'Total night charge', 'Total intl minutes', 'Total intl calls', 'Total intl charge', 'Customer service calls'] ['State', 'International plan', 'Voice mail plan', 'Number vmail messages', 'Total day minutes', 'Total day calls', 'Total day charge', 'Total eve minutes', 'Total eve calls', 'Total eve charge', 'Total night minutes', 'Total night calls', 'Total night charge', 'Total intl minutes', 'Total intl calls', 'Total intl charge', 'Customer service calls', 'Churn']
training data did not have the following fields: Churn"
252.0,0.9544,0.9544,0,"Lỗi DiCE: feature_names mismatch: ['State', 'International plan', 'Voice mail plan', 'Number vmail messages', 'Total day minutes', 'Total day calls', 'Total day charge', 'Total eve minutes', 'Total eve calls', 'Total eve charge', 'Total night minutes', 'Total night calls', 'Total night charge', 'Total intl minutes', 'Total intl calls', 'Total intl charge', 'Customer service calls'] ['State', 'International plan', 'Voice mail plan', 'Number vmail messages', 'Total day minutes', 'Total day calls', 'Total day charge', 'Total eve minutes', 'Total eve calls', 'Total eve charge', 'Total night minutes', 'Total night calls', 'Total night charge', 'Total intl minutes', 'Total intl calls', 'Total intl charge', 'Customer service calls', 'Churn']
training data did not have the following fields: Churn"
274.0,0.8551,0.8551,0,"Lỗi DiCE: feature_names mismatch: ['State', 'International plan', 'Voice mail plan', 'Number vmail messages', 'Total day minutes', 'Total day calls', 'Total day charge', 'Total eve minutes', 'Total eve calls', 'Total eve charge', 'Total night minutes', 'Total night calls', 'Total night charge', 'Total intl minutes', 'Total intl calls', 'Total intl charge', 'Customer service calls'] ['State', 'International plan', 'Voice mail plan', 'Number vmail messages', 'Total day minutes', 'Total day calls', 'Total day charge', 'Total eve minutes', 'Total eve calls', 'Total eve charge', 'Total night minutes', 'Total night calls', 'Total night charge', 'Total intl minutes', 'Total intl calls', 'Total intl charge', 'Customer service calls', 'Churn']
training data did not have the following fields: Churn"
276.0,0.8233,0.8233,0,"Lỗi DiCE: feature_names mismatch: ['State', 'International plan', 'Voice mail plan', 'Number vmail messages', 'Total day minutes', 'Total day calls', 'Total day charge', 'Total eve minutes', 'Total eve calls', 'Total eve charge', 'Total night minutes', 'Total night calls', 'Total night charge', 'Total intl minutes', 'Total intl calls', 'Total intl charge', 'Customer service calls'] ['State', 'International plan', 'Voice mail plan', 'Number vmail messages', 'Total day minutes', 'Total day calls', 'Total day charge', 'Total eve minutes', 'Total eve calls', 'Total eve charge', 'Total night minutes', 'Total night calls', 'Total night charge', 'Total intl minutes', 'Total intl calls', 'Total intl charge', 'Customer service calls', 'Churn']
training data did not have the following fields: Churn"
279.0,0.9984,0.9984,0,"Lỗi DiCE: feature_names mismatch: ['State', 'International plan', 'Voice mail plan', 'Number vmail messages', 'Total day minutes', 'Total day calls', 'Total day charge', 'Total eve minutes', 'Total eve calls', 'Total eve charge', 'Total night minutes', 'Total night calls', 'Total night charge', 'Total intl minutes', 'Total intl calls', 'Total intl charge', 'Customer service calls'] ['State', 'International plan', 'Voice mail plan', 'Number vmail messages', 'Total day minutes', 'Total day calls', 'Total day charge', 'Total eve minutes', 'Total eve calls', 'Total eve charge', 'Total night minutes', 'Total night calls', 'Total night charge', 'Total intl minutes', 'Total intl calls', 'Total intl charge', 'Customer service calls', 'Churn']
training data did not have the following fields: Churn"
287.0,0.8384,0.8384,0,"Lỗi DiCE: feature_names mismatch: ['State', 'International plan', 'Voice mail plan', 'Number vmail messages', 'Total day minutes', 'Total day calls', 'Total day charge', 'Total eve minutes', 'Total eve calls', 'Total eve charge', 'Total night minutes', 'Total night calls', 'Total night charge', 'Total intl minutes', 'Total intl calls', 'Total intl charge', 'Customer service calls'] ['State', 'International plan', 'Voice mail plan', 'Number vmail messages', 'Total day minutes', 'Total day calls', 'Total day charge', 'Total eve minutes', 'Total eve calls', 'Total eve charge', 'Total night minutes', 'Total night calls', 'Total night charge', 'Total intl minutes', 'Total intl calls', 'Total intl charge', 'Customer service calls', 'Churn']
training data did not have the following fields: Churn"
289.0,0.8107,0.8107,0,"Lỗi DiCE: feature_names mismatch: ['State', 'International plan', 'Voice mail plan', 'Number vmail messages', 'Total day minutes', 'Total day calls', 'Total day charge', 'Total eve minutes', 'Total eve calls', 'Total eve charge', 'Total night minutes', 'Total night calls', 'Total night charge', 'Total intl minutes', 'Total intl calls', 'Total intl charge', 'Customer service calls'] ['State', 'International plan', 'Voice mail plan', 'Number vmail messages', 'Total day minutes', 'Total day calls', 'Total day charge', 'Total eve minutes', 'Total eve calls', 'Total eve charge', 'Total night minutes', 'Total night calls', 'Total night charge', 'Total intl minutes', 'Total intl calls', 'Total intl charge', 'Customer service calls', 'Churn']
training data did not have the following fields: Churn"
298.0,0.9923,0.9923,0,"Lỗi DiCE: feature_names mismatch: ['State', 'International plan', 'Voice mail plan', 'Number vmail messages', 'Total day minutes', 'Total day calls', 'Total day charge', 'Total eve minutes', 'Total eve calls', 'Total eve charge', 'Total night minutes', 'Total night calls', 'Total night charge', 'Total intl minutes', 'Total intl calls', 'Total intl charge', 'Customer service calls'] ['State', 'International plan', 'Voice mail plan', 'Number vmail messages', 'Total day minutes', 'Total day calls', 'Total day charge', 'Total eve minutes', 'Total eve calls', 'Total eve charge', 'Total night minutes', 'Total night calls', 'Total night charge', 'Total intl minutes', 'Total intl calls', 'Total intl charge', 'Customer service calls', 'Churn']
training data did not have the following fields: Churn"
299.0,0.9055,0.9055,0,"Lỗi DiCE: feature_names mismatch: ['State', 'International plan', 'Voice mail plan', 'Number vmail messages', 'Total day minutes', 'Total day calls', 'Total day charge', 'Total eve minutes', 'Total eve calls', 'Total eve charge', 'Total night minutes', 'Total night calls', 'Total night charge', 'Total intl minutes', 'Total intl calls', 'Total intl charge', 'Customer service calls'] ['State', 'International plan', 'Voice mail plan', 'Number vmail messages', 'Total day minutes', 'Total day calls', 'Total day charge', 'Total eve minutes', 'Total eve calls', 'Total eve charge', 'Total night minutes', 'Total night calls', 'Total night charge', 'Total intl minutes', 'Total intl calls', 'Total intl charge', 'Customer service calls', 'Churn']
training data did not have the following fields: Churn"
327.0,0.9999,0.9999,0,"Lỗi DiCE: feature_names mismatch: ['State', 'International plan', 'Voice mail plan', 'Number vmail messages', 'Total day minutes', 'Total day calls', 'Total day charge', 'Total eve minutes', 'Total eve calls', 'Total eve charge', 'Total night minutes', 'Total night calls', 'Total night charge', 'Total intl minutes', 'Total intl calls', 'Total intl charge', 'Customer service calls'] ['State', 'International plan', 'Voice mail plan', 'Number vmail messages', 'Total day minutes', 'Total day calls', 'Total day charge', 'Total eve minutes', 'Total eve calls', 'Total eve charge', 'Total night minutes', 'Total night calls', 'Total night charge', 'Total intl minutes', 'Total intl calls', 'Total intl charge', 'Customer service calls', 'Churn']
training data did not have the following fields: Churn"
337.0,0.9383,0.9383,0,"Lỗi DiCE: feature_names mismatch: ['State', 'International plan', 'Voice mail plan', 'Number vmail messages', 'Total day minutes', 'Total day calls', 'Total day charge', 'Total eve minutes', 'Total eve calls', 'Total eve charge', 'Total night minutes', 'Total night calls', 'Total night charge', 'Total intl minutes', 'Total intl calls', 'Total intl charge', 'Customer service calls'] ['State', 'International plan', 'Voice mail plan', 'Number vmail messages', 'Total day minutes', 'Total day calls', 'Total day charge', 'Total eve minutes', 'Total eve calls', 'Total eve charge', 'Total night minutes', 'Total night calls', 'Total night charge', 'Total intl minutes', 'Total intl calls', 'Total intl charge', 'Customer service calls', 'Churn']
training data did not have the following fields: Churn"
342.0,0.9992,0.9992,0,"Lỗi DiCE: feature_names mismatch: ['State', 'International plan', 'Voice mail plan', 'Number vmail messages', 'Total day minutes', 'Total day calls', 'Total day charge', 'Total eve minutes', 'Total eve calls', 'Total eve charge', 'Total night minutes', 'Total night calls', 'Total night charge', 'Total intl minutes', 'Total intl calls', 'Total intl charge', 'Customer service calls'] ['State', 'International plan', 'Voice mail plan', 'Number vmail messages', 'Total day minutes', 'Total day calls', 'Total day charge', 'Total eve minutes', 'Total eve calls', 'Total eve charge', 'Total night minutes', 'Total night calls', 'Total night charge', 'Total intl minutes', 'Total intl calls', 'Total intl charge', 'Customer service calls', 'Churn']
training data did not have the following fields: Churn"
349.0,0.9961,0.9961,0,"Lỗi DiCE: feature_names mismatch: ['State', 'International plan', 'Voice mail plan', 'Number vmail messages', 'Total day minutes', 'Total day calls', 'Total day charge', 'Total eve minutes', 'Total eve calls', 'Total eve charge', 'Total night minutes', 'Total night calls', 'Total night charge', 'Total intl minutes', 'Total intl calls', 'Total intl charge', 'Customer service calls'] ['State', 'International plan', 'Voice mail plan', 'Number vmail messages', 'Total day minutes', 'Total day calls', 'Total day charge', 'Total eve minutes', 'Total eve calls', 'Total eve charge', 'Total night minutes', 'Total night calls', 'Total night charge', 'Total intl minutes', 'Total intl calls', 'Total intl charge', 'Customer service calls', 'Churn']
training data did not have the following fields: Churn"
351.0,0.9999,0.9999,0,"Lỗi DiCE: feature_names mismatch: ['State', 'International plan', 'Voice mail plan', 'Number vmail messages', 'Total day minutes', 'Total day calls', 'Total day charge', 'Total eve minutes', 'Total eve calls', 'Total eve charge', 'Total night minutes', 'Total night calls', 'Total night charge', 'Total intl minutes', 'Total intl calls', 'Total intl charge', 'Customer service calls'] ['State', 'International plan', 'Voice mail plan', 'Number vmail messages', 'Total day minutes', 'Total day calls', 'Total day charge', 'Total eve minutes', 'Total eve calls', 'Total eve charge', 'Total night minutes', 'Total night calls', 'Total night charge', 'Total intl minutes', 'Total intl calls', 'Total intl charge', 'Customer service calls', 'Churn']
training data did not have the following fields: Churn"
355.0,0.995,0.995,0,"Lỗi DiCE: feature_names mismatch: ['State', 'International plan', 'Voice mail plan', 'Number vmail messages', 'Total day minutes', 'Total day calls', 'Total day charge', 'Total eve minutes', 'Total eve calls', 'Total eve charge', 'Total night minutes', 'Total night calls', 'Total night charge', 'Total intl minutes', 'Total intl calls', 'Total intl charge', 'Customer service calls'] ['State', 'International plan', 'Voice mail plan', 'Number vmail messages', 'Total day minutes', 'Total day calls', 'Total day charge', 'Total eve minutes', 'Total eve calls', 'Total eve charge', 'Total night minutes', 'Total night calls', 'Total night charge', 'Total intl minutes', 'Total intl calls', 'Total intl charge', 'Customer service calls', 'Churn']
training data did not have the following fields: Churn"
362.0,0.9983,0.9983,0,"Lỗi DiCE: feature_names mismatch: ['State', 'International plan', 'Voice mail plan', 'Number vmail messages', 'Total day minutes', 'Total day calls', 'Total day charge', 'Total eve minutes', 'Total eve calls', 'Total eve charge', 'Total night minutes', 'Total night calls', 'Total night charge', 'Total intl minutes', 'Total intl calls', 'Total intl charge', 'Customer service calls'] ['State', 'International plan', 'Voice mail plan', 'Number vmail messages', 'Total day minutes', 'Total day calls', 'Total day charge', 'Total eve minutes', 'Total eve calls', 'Total eve charge', 'Total night minutes', 'Total night calls', 'Total night charge', 'Total intl minutes', 'Total intl calls', 'Total intl charge', 'Customer service calls', 'Churn']
training data did not have the following fields: Churn"
385.0,0.9994,0.9994,0,"Lỗi DiCE: feature_names mismatch: ['State', 'International plan', 'Voice mail plan', 'Number vmail messages', 'Total day minutes', 'Total day calls', 'Total day charge', 'Total eve minutes', 'Total eve calls', 'Total eve charge', 'Total night minutes', 'Total night calls', 'Total night charge', 'Total intl minutes', 'Total intl calls', 'Total intl charge', 'Customer service calls'] ['State', 'International plan', 'Voice mail plan', 'Number vmail messages', 'Total day minutes', 'Total day calls', 'Total day charge', 'Total eve minutes', 'Total eve calls', 'Total eve charge', 'Total night minutes', 'Total night calls', 'Total night charge', 'Total intl minutes', 'Total intl calls', 'Total intl charge', 'Customer service calls', 'Churn']
training data did not have the following fields: Churn"
398.0,0.9979,0.9979,0,"Lỗi DiCE: feature_names mismatch: ['State', 'International plan', 'Voice mail plan', 'Number vmail messages', 'Total day minutes', 'Total day calls', 'Total day charge', 'Total eve minutes', 'Total eve calls', 'Total eve charge', 'Total night minutes', 'Total night calls', 'Total night charge', 'Total intl minutes', 'Total intl calls', 'Total intl charge', 'Customer service calls'] ['State', 'International plan', 'Voice mail plan', 'Number vmail messages', 'Total day minutes', 'Total day calls', 'Total day charge', 'Total eve minutes', 'Total eve calls', 'Total eve charge', 'Total night minutes', 'Total night calls', 'Total night charge', 'Total intl minutes', 'Total intl calls', 'Total intl charge', 'Customer service calls', 'Churn']
training data did not have the following fields: Churn"
401.0,0.9999,0.9999,0,"Lỗi DiCE: feature_names mismatch: ['State', 'International plan', 'Voice mail plan', 'Number vmail messages', 'Total day minutes', 'Total day calls', 'Total day charge', 'Total eve minutes', 'Total eve calls', 'Total eve charge', 'Total night minutes', 'Total night calls', 'Total night charge', 'Total intl minutes', 'Total intl calls', 'Total intl charge', 'Customer service calls'] ['State', 'International plan', 'Voice mail plan', 'Number vmail messages', 'Total day minutes', 'Total day calls', 'Total day charge', 'Total eve minutes', 'Total eve calls', 'Total eve charge', 'Total night minutes', 'Total night calls', 'Total night charge', 'Total intl minutes', 'Total intl calls', 'Total intl charge', 'Customer service calls', 'Churn']
training data did not have the following fields: Churn"
409.0,0.9781,0.9781,0,"Lỗi DiCE: feature_names mismatch: ['State', 'International plan', 'Voice mail plan', 'Number vmail messages', 'Total day minutes', 'Total day calls', 'Total day charge', 'Total eve minutes', 'Total eve calls', 'Total eve charge', 'Total night minutes', 'Total night calls', 'Total night charge', 'Total intl minutes', 'Total intl calls', 'Total intl charge', 'Customer service calls'] ['State', 'International plan', 'Voice mail plan', 'Number vmail messages', 'Total day minutes', 'Total day calls', 'Total day charge', 'Total eve minutes', 'Total eve calls', 'Total eve charge', 'Total night minutes', 'Total night calls', 'Total night charge', 'Total intl minutes', 'Total intl calls', 'Total intl charge', 'Customer service calls', 'Churn']
training data did not have the following fields: Churn"
418.0,0.6254,0.6254,0,"Lỗi DiCE: feature_names mismatch: ['State', 'International plan', 'Voice mail plan', 'Number vmail messages', 'Total day minutes', 'Total day calls', 'Total day charge', 'Total eve minutes', 'Total eve calls', 'Total eve charge', 'Total night minutes', 'Total night calls', 'Total night charge', 'Total intl minutes', 'Total intl calls', 'Total intl charge', 'Customer service calls'] ['State', 'International plan', 'Voice mail plan', 'Number vmail messages', 'Total day minutes', 'Total day calls', 'Total day charge', 'Total eve minutes', 'Total eve calls', 'Total eve charge', 'Total night minutes', 'Total night calls', 'Total night charge', 'Total intl minutes', 'Total intl calls', 'Total intl charge', 'Customer service calls', 'Churn']
training data did not have the following fields: Churn"
420.0,0.9958,0.9958,0,"Lỗi DiCE: feature_names mismatch: ['State', 'International plan', 'Voice mail plan', 'Number vmail messages', 'Total day minutes', 'Total day calls', 'Total day charge', 'Total eve minutes', 'Total eve calls', 'Total eve charge', 'Total night minutes', 'Total night calls', 'Total night charge', 'Total intl minutes', 'Total intl calls', 'Total intl charge', 'Customer service calls'] ['State', 'International plan', 'Voice mail plan', 'Number vmail messages', 'Total day minutes', 'Total day calls', 'Total day charge', 'Total eve minutes', 'Total eve calls', 'Total eve charge', 'Total night minutes', 'Total night calls', 'Total night charge', 'Total intl minutes', 'Total intl calls', 'Total intl charge', 'Customer service calls', 'Churn']
training data did not have the following fields: Churn"
424.0,0.8292,0.8292,0,"Lỗi DiCE: feature_names mismatch: ['State', 'International plan', 'Voice mail plan', 'Number vmail messages', 'Total day minutes', 'Total day calls', 'Total day charge', 'Total eve minutes', 'Total eve calls', 'Total eve charge', 'Total night minutes', 'Total night calls', 'Total night charge', 'Total intl minutes', 'Total intl calls', 'Total intl charge', 'Customer service calls'] ['State', 'International plan', 'Voice mail plan', 'Number vmail messages', 'Total day minutes', 'Total day calls', 'Total day charge', 'Total eve minutes', 'Total eve calls', 'Total eve charge', 'Total night minutes', 'Total night calls', 'Total night charge', 'Total intl minutes', 'Total intl calls', 'Total intl charge', 'Customer service calls', 'Churn']
training data did not have the following fields: Churn"
430.0,0.8424,0.8424,0,"Lỗi DiCE: feature_names mismatch: ['State', 'International plan', 'Voice mail plan', 'Number vmail messages', 'Total day minutes', 'Total day calls', 'Total day charge', 'Total eve minutes', 'Total eve calls', 'Total eve charge', 'Total night minutes', 'Total night calls', 'Total night charge', 'Total intl minutes', 'Total intl calls', 'Total intl charge', 'Customer service calls'] ['State', 'International plan', 'Voice mail plan', 'Number vmail messages', 'Total day minutes', 'Total day calls', 'Total day charge', 'Total eve minutes', 'Total eve calls', 'Total eve charge', 'Total night minutes', 'Total night calls', 'Total night charge', 'Total intl minutes', 'Total intl calls', 'Total intl charge', 'Customer service calls', 'Churn']
training data did not have the following fields: Churn"
437.0,0.8386,0.8386,0,"Lỗi DiCE: feature_names mismatch: ['State', 'International plan', 'Voice mail plan', 'Number vmail messages', 'Total day minutes', 'Total day calls', 'Total day charge', 'Total eve minutes', 'Total eve calls', 'Total eve charge', 'Total night minutes', 'Total night calls', 'Total night charge', 'Total intl minutes', 'Total intl calls', 'Total intl charge', 'Customer service calls'] ['State', 'International plan', 'Voice mail plan', 'Number vmail messages', 'Total day minutes', 'Total day calls', 'Total day charge', 'Total eve minutes', 'Total eve calls', 'Total eve charge', 'Total night minutes', 'Total night calls', 'Total night charge', 'Total intl minutes', 'Total intl calls', 'Total intl charge', 'Customer service calls', 'Churn']
training data did not have the following fields: Churn"
442.0,0.9997,0.9997,0,"Lỗi DiCE: feature_names mismatch: ['State', 'International plan', 'Voice mail plan', 'Number vmail messages', 'Total day minutes', 'Total day calls', 'Total day charge', 'Total eve minutes', 'Total eve calls', 'Total eve charge', 'Total night minutes', 'Total night calls', 'Total night charge', 'Total intl minutes', 'Total intl calls', 'Total intl charge', 'Customer service calls'] ['State', 'International plan', 'Voice mail plan', 'Number vmail messages', 'Total day minutes', 'Total day calls', 'Total day charge', 'Total eve minutes', 'Total eve calls', 'Total eve charge', 'Total night minutes', 'Total night calls', 'Total night charge', 'Total intl minutes', 'Total intl calls', 'Total intl charge', 'Customer service calls', 'Churn']
training data did not have the following fields: Churn"
455.0,0.9977,0.9977,0,"Lỗi DiCE: feature_names mismatch: ['State', 'International plan', 'Voice mail plan', 'Number vmail messages', 'Total day minutes', 'Total day calls', 'Total day charge', 'Total eve minutes', 'Total eve calls', 'Total eve charge', 'Total night minutes', 'Total night calls', 'Total night charge', 'Total intl minutes', 'Total intl calls', 'Total intl charge', 'Customer service calls'] ['State', 'International plan', 'Voice mail plan', 'Number vmail messages', 'Total day minutes', 'Total day calls', 'Total day charge', 'Total eve minutes', 'Total eve calls', 'Total eve charge', 'Total night minutes', 'Total night calls', 'Total night charge', 'Total intl minutes', 'Total intl calls', 'Total intl charge', 'Customer service calls', 'Churn']
training data did not have the following fields: Churn"
457.0,0.9967,0.9967,0,"Lỗi DiCE: feature_names mismatch: ['State', 'International plan', 'Voice mail plan', 'Number vmail messages', 'Total day minutes', 'Total day calls', 'Total day charge', 'Total eve minutes', 'Total eve calls', 'Total eve charge', 'Total night minutes', 'Total night calls', 'Total night charge', 'Total intl minutes', 'Total intl calls', 'Total intl charge', 'Customer service calls'] ['State', 'International plan', 'Voice mail plan', 'Number vmail messages', 'Total day minutes', 'Total day calls', 'Total day charge', 'Total eve minutes', 'Total eve calls', 'Total eve charge', 'Total night minutes', 'Total night calls', 'Total night charge', 'Total intl minutes', 'Total intl calls', 'Total intl charge', 'Customer service calls', 'Churn']
training data did not have the following fields: Churn"
461.0,1.0,1.0,0,"Lỗi DiCE: feature_names mismatch: ['State', 'International plan', 'Voice mail plan', 'Number vmail messages', 'Total day minutes', 'Total day calls', 'Total day charge', 'Total eve minutes', 'Total eve calls', 'Total eve charge', 'Total night minutes', 'Total night calls', 'Total night charge', 'Total intl minutes', 'Total intl calls', 'Total intl charge', 'Customer service calls'] ['State', 'International plan', 'Voice mail plan', 'Number vmail messages', 'Total day minutes', 'Total day calls', 'Total day charge', 'Total eve minutes', 'Total eve calls', 'Total eve charge', 'Total night minutes', 'Total night calls', 'Total night charge', 'Total intl minutes', 'Total intl calls', 'Total intl charge', 'Customer service calls', 'Churn']
training data did not have the following fields: Churn"
463.0,0.7037,0.7037,0,"Lỗi DiCE: feature_names mismatch: ['State', 'International plan', 'Voice mail plan', 'Number vmail messages', 'Total day minutes', 'Total day calls', 'Total day charge', 'Total eve minutes', 'Total eve calls', 'Total eve charge', 'Total night minutes', 'Total night calls', 'Total night charge', 'Total intl minutes', 'Total intl calls', 'Total intl charge', 'Customer service calls'] ['State', 'International plan', 'Voice mail plan', 'Number vmail messages', 'Total day minutes', 'Total day calls', 'Total day charge', 'Total eve minutes', 'Total eve calls', 'Total eve charge', 'Total night minutes', 'Total night calls', 'Total night charge', 'Total intl minutes', 'Total intl calls', 'Total intl charge', 'Customer service calls', 'Churn']
training data did not have the following fields: Churn"
464.0,0.8938,0.8938,0,"Lỗi DiCE: feature_names mismatch: ['State', 'International plan', 'Voice mail plan', 'Number vmail messages', 'Total day minutes', 'Total day calls', 'Total day charge', 'Total eve minutes', 'Total eve calls', 'Total eve charge', 'Total night minutes', 'Total night calls', 'Total night charge', 'Total intl minutes', 'Total intl calls', 'Total intl charge', 'Customer service calls'] ['State', 'International plan', 'Voice mail plan', 'Number vmail messages', 'Total day minutes', 'Total day calls', 'Total day charge', 'Total eve minutes', 'Total eve calls', 'Total eve charge', 'Total night minutes', 'Total night calls', 'Total night charge', 'Total intl minutes', 'Total intl calls', 'Total intl charge', 'Customer service calls', 'Churn']
training data did not have the following fields: Churn"
477.0,0.9908,0.9908,0,"Lỗi DiCE: feature_names mismatch: ['State', 'International plan', 'Voice mail plan', 'Number vmail messages', 'Total day minutes', 'Total day calls', 'Total day charge', 'Total eve minutes', 'Total eve calls', 'Total eve charge', 'Total night minutes', 'Total night calls', 'Total night charge', 'Total intl minutes', 'Total intl calls', 'Total intl charge', 'Customer service calls'] ['State', 'International plan', 'Voice mail plan', 'Number vmail messages', 'Total day minutes', 'Total day calls', 'Total day charge', 'Total eve minutes', 'Total eve calls', 'Total eve charge', 'Total night minutes', 'Total night calls', 'Total night charge', 'Total intl minutes', 'Total intl calls', 'Total intl charge', 'Customer service calls', 'Churn']
training data did not have the following fields: Churn"
483.0,0.6885,0.6885,0,"Lỗi DiCE: feature_names mismatch: ['State', 'International plan', 'Voice mail plan', 'Number vmail messages', 'Total day minutes', 'Total day calls', 'Total day charge', 'Total eve minutes', 'Total eve calls', 'Total eve charge', 'Total night minutes', 'Total night calls', 'Total night charge', 'Total intl minutes', 'Total intl calls', 'Total intl charge', 'Customer service calls'] ['State', 'International plan', 'Voice mail plan', 'Number vmail messages', 'Total day minutes', 'Total day calls', 'Total day charge', 'Total eve minutes', 'Total eve calls', 'Total eve charge', 'Total night minutes', 'Total night calls', 'Total night charge', 'Total intl minutes', 'Total intl calls', 'Total intl charge', 'Customer service calls', 'Churn']
training data did not have the following fields: Churn"
495.0,0.9991,0.9991,0,"Lỗi DiCE: feature_names mismatch: ['State', 'International plan', 'Voice mail plan', 'Number vmail messages', 'Total day minutes', 'Total day calls', 'Total day charge', 'Total eve minutes', 'Total eve calls', 'Total eve charge', 'Total night minutes', 'Total night calls', 'Total night charge', 'Total intl minutes', 'Total intl calls', 'Total intl charge', 'Customer service calls'] ['State', 'International plan', 'Voice mail plan', 'Number vmail messages', 'Total day minutes', 'Total day calls', 'Total day charge', 'Total eve minutes', 'Total eve calls', 'Total eve charge', 'Total night minutes', 'Total night calls', 'Total night charge', 'Total intl minutes', 'Total intl calls', 'Total intl charge', 'Customer service calls', 'Churn']
training data did not have the following fields: Churn"
505.0,0.9556,0.9556,0,"Lỗi DiCE: feature_names mismatch: ['State', 'International plan', 'Voice mail plan', 'Number vmail messages', 'Total day minutes', 'Total day calls', 'Total day charge', 'Total eve minutes', 'Total eve calls', 'Total eve charge', 'Total night minutes', 'Total night calls', 'Total night charge', 'Total intl minutes', 'Total intl calls', 'Total intl charge', 'Customer service calls'] ['State', 'International plan', 'Voice mail plan', 'Number vmail messages', 'Total day minutes', 'Total day calls', 'Total day charge', 'Total eve minutes', 'Total eve calls', 'Total eve charge', 'Total night minutes', 'Total night calls', 'Total night charge', 'Total intl minutes', 'Total intl calls', 'Total intl charge', 'Customer service calls', 'Churn']
training data did not have the following fields: Churn"
524.0,0.9651,0.9651,0,"Lỗi DiCE: feature_names mismatch: ['State', 'International plan', 'Voice mail plan', 'Number vmail messages', 'Total day minutes', 'Total day calls', 'Total day charge', 'Total eve minutes', 'Total eve calls', 'Total eve charge', 'Total night minutes', 'Total night calls', 'Total night charge', 'Total intl minutes', 'Total intl calls', 'Total intl charge', 'Customer service calls'] ['State', 'International plan', 'Voice mail plan', 'Number vmail messages', 'Total day minutes', 'Total day calls', 'Total day charge', 'Total eve minutes', 'Total eve calls', 'Total eve charge', 'Total night minutes', 'Total night calls', 'Total night charge', 'Total intl minutes', 'Total intl calls', 'Total intl charge', 'Customer service calls', 'Churn']
training data did not have the following fields: Churn"
525.0,0.9467,0.9467,0,"Lỗi DiCE: feature_names mismatch: ['State', 'International plan', 'Voice mail plan', 'Number vmail messages', 'Total day minutes', 'Total day calls', 'Total day charge', 'Total eve minutes', 'Total eve calls', 'Total eve charge', 'Total night minutes', 'Total night calls', 'Total night charge', 'Total intl minutes', 'Total intl calls', 'Total intl charge', 'Customer service calls'] ['State', 'International plan', 'Voice mail plan', 'Number vmail messages', 'Total day minutes', 'Total day calls', 'Total day charge', 'Total eve minutes', 'Total eve calls', 'Total eve charge', 'Total night minutes', 'Total night calls', 'Total night charge', 'Total intl minutes', 'Total intl calls', 'Total intl charge', 'Customer service calls', 'Churn']
training data did not have the following fields: Churn"
529.0,0.9941,0.9941,0,"Lỗi DiCE: feature_names mismatch: ['State', 'International plan', 'Voice mail plan', 'Number vmail messages', 'Total day minutes', 'Total day calls', 'Total day charge', 'Total eve minutes', 'Total eve calls', 'Total eve charge', 'Total night minutes', 'Total night calls', 'Total night charge', 'Total intl minutes', 'Total intl calls', 'Total intl charge', 'Customer service calls'] ['State', 'International plan', 'Voice mail plan', 'Number vmail messages', 'Total day minutes', 'Total day calls', 'Total day charge', 'Total eve minutes', 'Total eve calls', 'Total eve charge', 'Total night minutes', 'Total night calls', 'Total night charge', 'Total intl minutes', 'Total intl calls', 'Total intl charge', 'Customer service calls', 'Churn']
training data did not have the following fields: Churn"
549.0,0.9999,0.9999,0,"Lỗi DiCE: feature_names mismatch: ['State', 'International plan', 'Voice mail plan', 'Number vmail messages', 'Total day minutes', 'Total day calls', 'Total day charge', 'Total eve minutes', 'Total eve calls', 'Total eve charge', 'Total night minutes', 'Total night calls', 'Total night charge', 'Total intl minutes', 'Total intl calls', 'Total intl charge', 'Customer service calls'] ['State', 'International plan', 'Voice mail plan', 'Number vmail messages', 'Total day minutes', 'Total day calls', 'Total day charge', 'Total eve minutes', 'Total eve calls', 'Total eve charge', 'Total night minutes', 'Total night calls', 'Total night charge', 'Total intl minutes', 'Total intl calls', 'Total intl charge', 'Customer service calls', 'Churn']
training data did not have the following fields: Churn"
552.0,0.9998,0.9998,0,"Lỗi DiCE: feature_names mismatch: ['State', 'International plan', 'Voice mail plan', 'Number vmail messages', 'Total day minutes', 'Total day calls', 'Total day charge', 'Total eve minutes', 'Total eve calls', 'Total eve charge', 'Total night minutes', 'Total night calls', 'Total night charge', 'Total intl minutes', 'Total intl calls', 'Total intl charge', 'Customer service calls'] ['State', 'International plan', 'Voice mail plan', 'Number vmail messages', 'Total day minutes', 'Total day calls', 'Total day charge', 'Total eve minutes', 'Total eve calls', 'Total eve charge', 'Total night minutes', 'Total night calls', 'Total night charge', 'Total intl minutes', 'Total intl calls', 'Total intl charge', 'Customer service calls', 'Churn']
training data did not have the following fields: Churn"
561.0,0.9999,0.9999,0,"Lỗi DiCE: feature_names mismatch: ['State', 'International plan', 'Voice mail plan', 'Number vmail messages', 'Total day minutes', 'Total day calls', 'Total day charge', 'Total eve minutes', 'Total eve calls', 'Total eve charge', 'Total night minutes', 'Total night calls', 'Total night charge', 'Total intl minutes', 'Total intl calls', 'Total intl charge', 'Customer service calls'] ['State', 'International plan', 'Voice mail plan', 'Number vmail messages', 'Total day minutes', 'Total day calls', 'Total day charge', 'Total eve minutes', 'Total eve calls', 'Total eve charge', 'Total night minutes', 'Total night calls', 'Total night charge', 'Total intl minutes', 'Total intl calls', 'Total intl charge', 'Customer service calls', 'Churn']
training data did not have the following fields: Churn"
572.0,1.0,1.0,0,"Lỗi DiCE: feature_names mismatch: ['State', 'International plan', 'Voice mail plan', 'Number vmail messages', 'Total day minutes', 'Total day calls', 'Total day charge', 'Total eve minutes', 'Total eve calls', 'Total eve charge', 'Total night minutes', 'Total night calls', 'Total night charge', 'Total intl minutes', 'Total intl calls', 'Total intl charge', 'Customer service calls'] ['State', 'International plan', 'Voice mail plan', 'Number vmail messages', 'Total day minutes', 'Total day calls', 'Total day charge', 'Total eve minutes', 'Total eve calls', 'Total eve charge', 'Total night minutes', 'Total night calls', 'Total night charge', 'Total intl minutes', 'Total intl calls', 'Total intl charge', 'Customer service calls', 'Churn']
training data did not have the following fields: Churn"
573.0,0.9996,0.9996,0,"Lỗi DiCE: feature_names mismatch: ['State', 'International plan', 'Voice mail plan', 'Number vmail messages', 'Total day minutes', 'Total day calls', 'Total day charge', 'Total eve minutes', 'Total eve calls', 'Total eve charge', 'Total night minutes', 'Total night calls', 'Total night charge', 'Total intl minutes', 'Total intl calls', 'Total intl charge', 'Customer service calls'] ['State', 'International plan', 'Voice mail plan', 'Number vmail messages', 'Total day minutes', 'Total day calls', 'Total day charge', 'Total eve minutes', 'Total eve calls', 'Total eve charge', 'Total night minutes', 'Total night calls', 'Total night charge', 'Total intl minutes', 'Total intl calls', 'Total intl charge', 'Customer service calls', 'Churn']
training data did not have the following fields: Churn"
582.0,0.9891,0.9891,0,"Lỗi DiCE: feature_names mismatch: ['State', 'International plan', 'Voice mail plan', 'Number vmail messages', 'Total day minutes', 'Total day calls', 'Total day charge', 'Total eve minutes', 'Total eve calls', 'Total eve charge', 'Total night minutes', 'Total night calls', 'Total night charge', 'Total intl minutes', 'Total intl calls', 'Total intl charge', 'Customer service calls'] ['State', 'International plan', 'Voice mail plan', 'Number vmail messages', 'Total day minutes', 'Total day calls', 'Total day charge', 'Total eve minutes', 'Total eve calls', 'Total eve charge', 'Total night minutes', 'Total night calls', 'Total night charge', 'Total intl minutes', 'Total intl calls', 'Total intl charge', 'Customer service calls', 'Churn']
training data did not have the following fields: Churn"
590.0,0.9997,0.9997,0,"Lỗi DiCE: feature_names mismatch: ['State', 'International plan', 'Voice mail plan', 'Number vmail messages', 'Total day minutes', 'Total day calls', 'Total day charge', 'Total eve minutes', 'Total eve calls', 'Total eve charge', 'Total night minutes', 'Total night calls', 'Total night charge', 'Total intl minutes', 'Total intl calls', 'Total intl charge', 'Customer service calls'] ['State', 'International plan', 'Voice mail plan', 'Number vmail messages', 'Total day minutes', 'Total day calls', 'Total day charge', 'Total eve minutes', 'Total eve calls', 'Total eve charge', 'Total night minutes', 'Total night calls', 'Total night charge', 'Total intl minutes', 'Total intl calls', 'Total intl charge', 'Customer service calls', 'Churn']
training data did not have the following fields: Churn"
593.0,0.9575,0.9575,0,"Lỗi DiCE: feature_names mismatch: ['State', 'International plan', 'Voice mail plan', 'Number vmail messages', 'Total day minutes', 'Total day calls', 'Total day charge', 'Total eve minutes', 'Total eve calls', 'Total eve charge', 'Total night minutes', 'Total night calls', 'Total night charge', 'Total intl minutes', 'Total intl calls', 'Total intl charge', 'Customer service calls'] ['State', 'International plan', 'Voice mail plan', 'Number vmail messages', 'Total day minutes', 'Total day calls', 'Total day charge', 'Total eve minutes', 'Total eve calls', 'Total eve charge', 'Total night minutes', 'Total night calls', 'Total night charge', 'Total intl minutes', 'Total intl calls', 'Total intl charge', 'Customer service calls', 'Churn']
training data did not have the following fields: Churn"
606.0,0.9971,0.9971,0,"Lỗi DiCE: feature_names mismatch: ['State', 'International plan', 'Voice mail plan', 'Number vmail messages', 'Total day minutes', 'Total day calls', 'Total day charge', 'Total eve minutes', 'Total eve calls', 'Total eve charge', 'Total night minutes', 'Total night calls', 'Total night charge', 'Total intl minutes', 'Total intl calls', 'Total intl charge', 'Customer service calls'] ['State', 'International plan', 'Voice mail plan', 'Number vmail messages', 'Total day minutes', 'Total day calls', 'Total day charge', 'Total eve minutes', 'Total eve calls', 'Total eve charge', 'Total night minutes', 'Total night calls', 'Total night charge', 'Total intl minutes', 'Total intl calls', 'Total intl charge', 'Customer service calls', 'Churn']
training data did not have the following fields: Churn"
615.0,0.9828,0.9828,0,"Lỗi DiCE: feature_names mismatch: ['State', 'International plan', 'Voice mail plan', 'Number vmail messages', 'Total day minutes', 'Total day calls', 'Total day charge', 'Total eve minutes', 'Total eve calls', 'Total eve charge', 'Total night minutes', 'Total night calls', 'Total night charge', 'Total intl minutes', 'Total intl calls', 'Total intl charge', 'Customer service calls'] ['State', 'International plan', 'Voice mail plan', 'Number vmail messages', 'Total day minutes', 'Total day calls', 'Total day charge', 'Total eve minutes', 'Total eve calls', 'Total eve charge', 'Total night minutes', 'Total night calls', 'Total night charge', 'Total intl minutes', 'Total intl calls', 'Total intl charge', 'Customer service calls', 'Churn']
training data did not have the following fields: Churn"
652.0,0.9998,0.9998,0,"Lỗi DiCE: feature_names mismatch: ['State', 'International plan', 'Voice mail plan', 'Number vmail messages', 'Total day minutes', 'Total day calls', 'Total day charge', 'Total eve minutes', 'Total eve calls', 'Total eve charge', 'Total night minutes', 'Total night calls', 'Total night charge', 'Total intl minutes', 'Total intl calls', 'Total intl charge', 'Customer service calls'] ['State', 'International plan', 'Voice mail plan', 'Number vmail messages', 'Total day minutes', 'Total day calls', 'Total day charge', 'Total eve minutes', 'Total eve calls', 'Total eve charge', 'Total night minutes', 'Total night calls', 'Total night charge', 'Total intl minutes', 'Total intl calls', 'Total intl charge', 'Customer service calls', 'Churn']
training data did not have the following fields: Churn"
653.0,0.9998,0.9998,0,"Lỗi DiCE: feature_names mismatch: ['State', 'International plan', 'Voice mail plan', 'Number vmail messages', 'Total day minutes', 'Total day calls', 'Total day charge', 'Total eve minutes', 'Total eve calls', 'Total eve charge', 'Total night minutes', 'Total night calls', 'Total night charge', 'Total intl minutes', 'Total intl calls', 'Total intl charge', 'Customer service calls'] ['State', 'International plan', 'Voice mail plan', 'Number vmail messages', 'Total day minutes', 'Total day calls', 'Total day charge', 'Total eve minutes', 'Total eve calls', 'Total eve charge', 'Total night minutes', 'Total night calls', 'Total night charge', 'Total intl minutes', 'Total intl calls', 'Total intl charge', 'Customer service calls', 'Churn']
training data did not have the following fields: Churn"
661.0,0.9687,0.9687,0,"Lỗi DiCE: feature_names mismatch: ['State', 'International plan', 'Voice mail plan', 'Number vmail messages', 'Total day minutes', 'Total day calls', 'Total day charge', 'Total eve minutes', 'Total eve calls', 'Total eve charge', 'Total night minutes', 'Total night calls', 'Total night charge', 'Total intl minutes', 'Total intl calls', 'Total intl charge', 'Customer service calls'] ['State', 'International plan', 'Voice mail plan', 'Number vmail messages', 'Total day minutes', 'Total day calls', 'Total day charge', 'Total eve minutes', 'Total eve calls', 'Total eve charge', 'Total night minutes', 'Total night calls', 'Total night charge', 'Total intl minutes', 'Total intl calls', 'Total intl charge', 'Customer service calls', 'Churn']
training data did not have the following fields: Churn"
